<?xml version="1.0" encoding="UTF-8" standalone="yes"?>
<addon id="repository.edwinnettles" name="edwinnettles.github.io" version="v1.0" provider-name="edwinnettles">
    <extension point="xbmc.addon.repository" name="Eds Repo">
        <dir>
            <info compressed="false">https://raw.githubusercontent.com/edwinnettles/edwinnettles.github.io/master/repo/zips/addons.xml</info>
            <checksum>https://raw.githubusercontent.com/edwinnettles/edwinnettles.github.io/master/repo/zips/addons.xml.md5</checksum>
            <datadir zip="true">https://raw.githubusercontent.com/edwinnettles/edwinnettles.github.io/master/repo/zips/</datadir>
        </dir>
    </extension>
    <extension point="xbmc.addon.metadata">
        <summary>edwinnettles.github.io</summary>
        <description>Repo for all my builds</description>
        <disclaimer></disclaimer>
        <platform>all</platform>
        <assets>
            <icon>icon.png</icon>
            <fanart>fanart.jpg</fanart>
        </assets>
    </extension>
</addon>